Nodes,E(Avg. Deg),Avg. Deg,Max Deg.,Min Deg.,Seconds
1000,64,79.406000,150,46,2.778184
4000,64,63.841000,94,44,5.651203
8000,64,63.905000,91,32,9.004328
16000,64,64.098125,96,32,18.262224
32000,64,63.930437,96,37,40.277943
