Benchmark,N,A,Topology,Number of Colors Used,Runtime
1,1000,32,Square,29,0.333641
2,8000,64,Square,52,3.246863
3,16000,32,Square,32,3.043793
4,64000,64,Square,53,27.942763
5,64000,128,Square,95,54.415325
6,128000,64,Square,63,52.642688
7,128000,128,Square,98,105.195364
8,8000,64,Disc,52,8.354551
9,64000,64,Disc,54,64.508716
10,64000,128,Disc,99,128.105434
11,16000,64,Sphere,57,21.125085
12,32000,128,Sphere,97,87.967839
13,64000,128,Sphere,96,205.334441
