Benchmark,N,A,R,Topology,Avg. Degree,Min Degree,Max Degree,When Removed,Colors,Largest Color,Runtime
1,1000,32,0.100925,Square,29,6,47,20,20,78,0.836465
2,8000,64,0.050463,Square,60,11,87,40,39,330,10.703115
3,16000,32,0.025231,Square,31,6,56,24,23,1145,10.382405
