Benchmark,N,A,R,Topology,Avg. Degree,Min Degree,Max Degree,When Removed,Colors,Largest Color,Runtime
1,1000,32,0.100925,Square,29,10,51,21,20,75,0.802365
2,8000,64,0.050463,Square,61,14,94,40,36,325,10.772294
3,16000,32,0.025231,Square,31,8,52,25,25,1152,10.213515
4,64000,64,0.017841,Square,63,17,99,42,40,2540,76.832724
5,64000,128,0.025231,Square,125,31,178,73,64,1375,167.628025
6,128000,64,0.012616,Square,63,13,105,42,40,5058,155.544342
