Nodes, Expected Average Degree, Real Average Degree, Max Degree, Min Degree, Generation Time
1000, 64, 57.568000, 82, 10, 0.279913
5000, 64, 60.658400, 87, 15, 0.840636
25000, 64, 62.504080, 98, 11, 3.828407
50000, 64, 62.986840, 100, 20, 8.938070
100000, 64, 63.258520, 102, 18, 14.938207
