N,A,Square Runtime,Disc Runtime,Sphere Runtime
1000,64,0.444113,0.872433,2.983946
5000,64,1.811515,4.316646,6.846584
10000,64,2.931157,7.800921,10.893038
25000,64,7.639537,22.379140,30.186049
50000,64,16.041881,46.400750,63.725632
100000,64,30.260184,89.923685,125.474381
