Nodes,E(Avg. Deg),Avg. Deg,Max Deg.,Min Deg.,Seconds
1000,64,57.142000,85,19,0.477228
5000,64,60.569600,86,22,2.561189
25000,64,62.607760,94,20,12.667523
50000,64,63.050840,96,18,22.993427
100000,64,63.241720,97,20,46.860248
