Nodes, Expected Average Degree, Real Average Degree, Max Degree, Min Degree, Generation Time
1000, 64, 56.162000, 82, 25, 0.441284
5000, 64, 60.497600, 89, 25, 2.397530
25000, 64, 62.643200, 98, 18, 11.172472
50000, 64, 63.038800, 99, 20, 22.594001
100000, 64, 63.343620, 97, 17, 48.280071
