Nodes,E(Avg. Deg),Avg. Deg,Max Deg.,Min Deg.,Seconds
1000,64,57.426000,86,15,0.247774
5000,64,60.332400,90,13,0.833398
25000,64,62.563600,95,19,3.624590
50000,64,62.852480,104,15,7.565354
100000,64,63.317680,101,16,15.464250
