Nodes,E(Avg. Deg),Avg. Deg,Max Deg.,Min Deg.,Seconds
1000,64,77.984000,138,41,2.806046
4000,64,63.985000,92,37,5.296109
8000,64,63.966000,95,37,8.456132
16000,64,63.948000,94,35,18.688274
32000,64,64.007937,95,33,34.921683
