N,A,Square Runtime,Disc Runtime,Sphere Runtime
1000,64,1.118846,0.866491,2.262368
5000,64,5.850657,4.300120,14.439012
10000,64,10.783525,8.184733,28.850123
25000,64,27.632247,21.282831,87.386635
50000,64,58.644001,45.713619,201.219432
100000,64,125.226564,98.296010,428.906717
