Benchmark,N,A,R,Topology,Avg. Degree,Min Degree,Max Degree,Average Degree When Removed,Colors,Largest Color,Backbone Order,Backbone Size,Backbone Domination,Number of Backbone Faces,Generation Runtime,Coloring Runtime,Backbone Runtime,Total Runtime
1,1000,32,0.100925,Square,29,11,47,22,21,76,364,150,1.000000,N/A,0.732948,0.010811,0.002994,0.746753
2,8000,64,0.050463,Square,61,17,92,38,36,324,1646,634,0.998125,N/A,9.473388,0.169562,0.027514,9.670464
3,16000,32,0.025231,Square,31,8,56,25,25,1155,5480,2244,0.992875,N/A,9.318360,0.185373,0.049584,9.553317
4,64000,64,0.017841,Square,62,19,97,40,39,2540,13052,5028,0.999047,N/A,71.613184,1.456057,0.230591,73.299832
5,64000,128,0.025231,Square,125,30,171,73,64,1379,7502,2722,0.999719,N/A,153.727170,2.967008,0.245638,156.939816
6,128000,64,0.012616,Square,63,13,103,44,42,5050,25970,9987,0.998305,N/A,159.407596,3.363532,0.884652,163.655780
