Benchmark,N,A,R,Topology,Avg. Degree,Min Degree,Max Degree,Average Degree When Removed,Colors,Largest Color,Backbone Order,Backbone Size,Backbone Domination,Number of Backbone Faces,Generation Runtime,Coloring Runtime,Backbone Runtime,Total Runtime
1,1000,32,0.100925,Square,29,9,48,19,18,77,368,148,0.997000,N/A,0.771655,0.010884,0.002900,0.785439
2,8000,64,0.050463,Square,61,15,91,39,35,320,1652,631,0.998500,N/A,10.845460,0.185609,0.028071,11.059140
3,16000,32,0.025231,Square,31,8,54,23,22,1156,5416,2246,0.996938,N/A,10.191163,0.213316,0.065493,10.469972
4,64000,64,0.017841,Square,63,14,102,40,39,2534,13152,5018,0.999125,N/A,73.048942,1.601487,0.232040,74.882469
5,64000,128,0.025231,Square,125,32,169,72,66,1378,7556,2731,0.999500,N/A,147.130233,3.110845,0.413837,150.654915
