Benchmark,N,A,R,Topology,Avg. Degree,Min Degree,Max Degree,Average Degree When Removed,Colors,Largest Color,Backbone Order,Backbone Size,Backbone Domination,Number of Backbone Faces,Generation Runtime,Coloring Runtime,Backbone Runtime,Total Runtime
1,1000,32,0.100925,Square,28,6,48,19,19,77,356,149,0.992000,N/A,0.768379,0.010196,0.002872,0.781447
2,8000,64,0.050463,Square,61,14,101,41,38,325,1670,639,0.997125,N/A,10.670343,0.190919,0.031183,10.892445
3,16000,32,0.025231,Square,31,7,53,24,23,1140,5370,2216,0.986938,N/A,10.027430,0.198154,0.056506,10.282090
4,64000,64,0.017841,Square,62,19,97,41,39,2539,13046,5027,0.998875,N/A,77.688297,1.556953,0.245150,79.490400
5,64000,128,0.025231,Square,125,38,173,72,66,1370,7524,2725,0.999609,N/A,154.284222,2.983963,0.395333,157.663518
6,128000,64,0.012616,Square,63,19,100,42,39,5055,25736,9950,0.998094,N/A,156.235687,3.786338,0.680361,160.702386
